,Unnamed: 0,Mutants,Initial_Seeds,Mutants (Intermediate Language),Mutants (RTT Translation),BW_Label
0,1,lines made up of letters in front of the string <M0> or numbers,lines containing letters in front of the string <M0> or numbers,由字符串<M0>前面的字母或数字组成的行,a line consisting of letters or numbers before the string <M0>,correct
1,2,strings containing letters in front of the string <M0> or numbers,lines containing letters in front of the string <M0> or numbers,在字符串<M0>前面包含字母的字符串或数字,a string or number containing letters before the string <M0>,correct
2,3,"lines arranged with an upper case letter , 0 or more times","lines with an upper case letter , 0 or more times",行以大写字母排列，0次或更多次,"rows are arranged in capital letters , 0 or more times",correct
3,4,"lines with an upper case letter , 0 or more times in total","lines with an upper case letter , 0 or more times",大写字母的行，总共0次或多次,"lines of capital letters , 0 or more times in total",correct
4,5,rows with words that contain a capital letter (zero or more times),"rows with words that contain a capital letter , zero or more times",包含大写字母的单词的行（零次或多次）,"lines of words containing capital letters , zero or more times",correct
5,6,"rows with words that contain a capital letter , 0 or more times","rows with words that contain a capital letter , zero or more times",包含0个或更多次大写字母的单词的行,lines containing words with 0 or more capital letters,correct
6,7,"rows with a letter before either the string <M0> , the string <M1> , or the string <M2>","lines with a letter before either the string <M0> , the string <M1> , or the string <M2>",在字符串<M0>，字符串<M1>或字符串<M2>之前带有字母的行,"lines with letters before the string <M0> , string <M1> or string <M2>",correct
7,8,"lines with letters before either the string <M0> , the string <M1> , or the string <M2>","lines with a letter before either the string <M0> , the string <M1> , or the string <M2>",在字符串<M0>，字符串<M1>或字符串<M2>之前的字母行,"the letter line before the string <M0> , string <M1> or string <M2>",correct
8,9,rows arranged with an uppercase letter then a vowel before a character,lines arranged with an uppercase letter then a vowel before a character,以大写字母排列的行，然后是字符前的元音,"a line in capital letters , followed by the vowel before the character",bug
9,10,lines arranged with an uppercase letter then a vowel before characters,lines arranged with an uppercase letter then a vowel before a character,在字符前用大写字母和元音排列的行,lines arranged with capital letters and vowels before characters,correct
10,11,"lines containing only the string <M0> , no more than 4 times","lines containing only the string <M0> , 4 or more times",仅包含字符串<M0>的行，最多不超过4次,"only lines containing the string <M0> , no more than 4 times",bug
11,12,"rows with the string <M0> or a vowel , up to 7 times","rows with the string <M0> or a vowel , 7 or more times",字符串<M0>或元音的行，最多7次,"string <M0> or vowel line , up to 7 times",correct
12,13,"rows with the string <M0> or a vowel , no more than 7 times","rows with the string <M0> or a vowel , 7 or more times",字符串<M0>或元音的行，不超过7次,"string <M0> or vowel line , no more than 7 times",correct
13,14,"rows with words that have a character , two or greater times","rows with words that have a character , 2 or greater times",带有两次以上字符的单词的行,lines of words with more than two characters,correct
14,15,"rows with words that have characters , 2 or greater times","rows with words that have a character , 2 or greater times",包含2个或更多字符的单词的行,lines of words containing 2 or more characters,bug
15,16,"lines arranged with characters before the string <M0> , 4 or greater times","lines arranged with a character before the string <M0> , 4 or greater times",在字符串<M0>之前的字符排列的行，至少4次,"the line of characters before the string <M0> , at least 4 times",correct
16,17,"lines arranged with a character before the string <M0> , four or greater times","lines arranged with a character before the string <M0> , 4 or greater times",在字符串<M0>之前用字符排列的行四次或更多次,lines arranged in characters before the string <M0> four or more times,correct
17,18,strings starting with the string <M0> in front of a lower-case letter or the string <M1>,lines starting with the string <M0> in front of a lower-case letter or the string <M1>,以小写字母前面的字符串<M0>或<M1>开头的字符串,the string starting with the string <M0> or <M1> before the lowercase letter,correct
18,19,lines beginning with the string <M0> in front of a lower-case letter or the string <M1>,lines starting with the string <M0> in front of a lower-case letter or the string <M1>,以小写字母或字符串<M1>开头的字符串<M0>开头的行,lines beginning with the string <M0> beginning with a lowercase letter or the string <M1>,correct
19,20,lines with lettered words followed by the string <M0> or vowels at least one time,lines with lettered words followed by the string <M0> or vowels at least once,带有字母单词的行，后跟字符串<M0>或元音至少一次,"lines with letter words , followed by the string <M0> or vowels at least once",correct
20,21,strings with lettered words followed by the string <M0> or vowels at least once,lines with lettered words followed by the string <M0> or vowels at least once,带有字母单词的字符串，后跟字符串<M0>或元音至少一次,"a string with letter words , followed by the string <M0> or a vowel at least once",correct
21,22,lines composed of words that have starting with digits,lines containing words that have starting with digits,由以数字开头的单词组成的行,a line consisting of words starting with a number,correct
22,23,"strings with digits or letters , seven or greater times","lines with digits or letters , seven or greater times",带有数字或字母的字符串，七次或更多次,"string with numbers or letters , seven or more times",correct
23,24,"lines arranged with digits or letters , seven or greater times","lines with digits or letters , seven or greater times",用数字或字母排列的行，七次或以上,"lines arranged by numbers or letters , seven times or more",correct
24,25,"lines with words that have the string <M0> or the string <M1> , greater than or equal to 0 times","lines with words that have the string <M0> or the string <M1> , greater than or equal to zero times",包含字符串<M0>或字符串<M1>的单词的行，大于或等于0次,"lines containing words in the string <M0> or string <M1> , greater than or equal to 0 times",bug
25,26,"lines with a word that has the string <M0> or the string <M1> , greater than or equal to zero times","lines with words that have the string <M0> or the string <M1> , greater than or equal to zero times",包含字符串<M0>或字符串<M1>的单词的行，大于或等于零倍,"lines containing words in the string <M0> or string <M1> , greater than or equal to zero times",bug
26,27,"lines consisting of either a lower case letter , an upper case letter , or the string <M0> or the string <M1>","lines containing either a lower case letter , an upper case letter , or the string <M0> or the string <M1>",由小写字母，大写字母或字符串<M0>或字符串<M1>组成的行,"a line consisting of lowercase letters , uppercase letters or string <M0> or string <M1>",correct
27,28,lines with a digit in front of an upper case letter,lines with a number in front of an upper case letter,在大写字母前面带有数字的行,lines with numbers in front of capital letters,correct
28,29,lines with a numeric character in front of an upper case letter,lines with a number in front of an upper case letter,在大写字母前面带有数字字符的行,lines with numeric characters before capital letters,correct
29,30,lines with a lowercase letter before the string <M0> at least once,lines with a lower-case letter before the string <M0> at least once,至少在字符串<M0>前用小写字母的行,at least lines with lowercase letters before the string <M0>,bug
30,31,lines with a lower-case letter in front of the string <M0> at least once,lines with a lower-case letter before the string <M0> at least once,字符串<M0>前面至少有一个小写字母的行,a line with at least one lowercase letter before the string <M0>,correct
31,32,"lines having either the string <M0> , vowels , or the string <M1> before letters","lines having either the string <M0> , a vowel , or the string <M1> before letters",在字母前具有字符串<M0>，元音或字符串<M1>的行,"lines with the string <M0> , vowels or string <M1> before the letter",correct
32,33,"lines having either the string <M0> , a vowel , or the string <M1> in front of letters","lines having either the string <M0> , a vowel , or the string <M1> before letters",在字母前具有字符串<M0>，元音或字符串<M1>的行,"lines with the string <M0> , vowels or string <M1> before the letter",correct
33,35,rows with a word that has a character at least one time or the string <M0>,rows with words that have a character at least one time or the string <M0>,包含至少一个字符的单词或字符串<M0>的行,a line containing at least one character word or string <M0>,correct
34,36,rows with words that have characters at least one time or the string <M0>,rows with words that have a character at least one time or the string <M0>,包含至少一次字符的单词或字符串<M0>的行,a word or string <M0> line containing at least one character,correct
35,37,rows not having the string <M0> before digits,rows not having the string <M0> before a number,在数字前没有字符串<M0>的行,lines without the string <M0> before the number,correct
36,38,rows not having the string <M0> before numbers,rows not having the string <M0> before a number,在数字前没有字符串<M0>的行,lines without the string <M0> before the number,correct
37,39,lines arranged with the string <M0> followed by a vowel instead of a capital letter,lines arranged with the string <M0> followed by a vowel and not a capital letter,用字符串<M0>排列的行，后跟元音而不是大写字母,"lines arranged with the string <M0> , followed by vowels instead of capital letters",correct
38,40,rows arranged with the string <M0> followed by a vowel and not a capital letter,lines arranged with the string <M0> followed by a vowel and not a capital letter,用字符串<M0>排列的行，后跟元音而不是大写字母,"lines arranged with the string <M0> , followed by vowels instead of capital letters",correct
39,41,"lines with words that have either the string <M0> , characters , or an uppercase letter , up to six times","lines with words that have either the string <M0> , characters , or an uppercase letter , up to 6 times",包含<M0>，字符或大写字母的单词的行，最多六次,"lines containing words with <M0> , characters or capital letters , up to six times",correct
40,42,"rows with words that have either the string <M0> , characters , or an uppercase letter , up to 6 times","lines with words that have either the string <M0> , characters , or an uppercase letter , up to 6 times",包含字符串<M0>，字符或大写字母的单词的行，最多6次,"lines containing the string <M0> , characters or words in uppercase letters , up to 6 times",bug
41,43,"rows with a number , zero or more times in front of the string <M0>","lines with a number , zero or more times in front of the string <M0>",在字符串<M0>前面具有数字，零次或多次的行,"lines with a number in front of the string <M0> , zero or more times",correct
42,44,lines with a number (zero or more times) in front of the string <M0>,"lines with a number , zero or more times in front of the string <M0>",在字符串<M0>前面带有数字（零次或多次）的行,"lines with numbers , zero or more times in front of the string <M0>",correct
43,45,"lines with a word that has either characters , letters , or the string <M0>","lines with a word that has either a character , letters , or the string <M0>",行中包含一个字符，字母或字符串<M0>的单词,"words containing one character , letter or string <M0> in the line",correct
44,46,"strings with a word that has either a character , letters , or the string <M0>","lines with a word that has either a character , letters , or the string <M0>",带有包含字符，字母或字符串<M0>的单词的字符串,"string with words containing characters , letters or string <M0>",correct
45,47,rows not containing a numeric character at least once,rows not containing a number at least once,至少一次不包含数字字符的行,lines that do not contain numeric characters at least once,correct
46,48,rows not containing numbers at least once,rows not containing a number at least once,至少一次不包含数字的行,lines that do not contain numbers at least once,correct
47,49,lines consisting of an uppercase letter or a vowel and numbers,lines containing an uppercase letter or a vowel and numbers,由大写字母或元音和数字组成的行,lines consisting of capital letters or vowels and numbers,correct
48,50,strings containing an uppercase letter or a vowel and numbers,lines containing an uppercase letter or a vowel and numbers,包含大写字母或元音和数字的字符串,string containing uppercase letters or vowels and numbers,correct
49,51,the line ends with a string that contains only a letter or a character,lines ending with a string that contains only a letter or a character,该行以仅包含字母或字符的字符串结尾,the line ends with a string containing only letters or characters,correct
50,52,"lines made up of a character , 6 or more times","lines containing a character , 6 or more times",由一个字符组成的行，至少6次,"a line consisting of one character , at least 6 times",correct
51,53,"lines containing a character , six or more times","lines containing a character , 6 or more times",包含一个字符的行，六次或更多次,"line containing one character , six or more times",correct
52,54,"lines arranged with a lower-case letter or an upper caseized letter , 2 or greater times","lines arranged with a lower-case letter or a capitalized letter , 2 or greater times",用小写字母或大写字母排列的行，两次或更多次,"lines arranged in lowercase or uppercase letters , two or more times",correct
53,55,"lines arranged with a lower-case letter or an uppercaseized letter , 2 or greater times","lines arranged with a lower-case letter or a capitalized letter , 2 or greater times",行以小写字母或大写字母排列2次或更多次,lines are arranged in lowercase or uppercase letters 2 or more times,correct
54,56,lines starting with letters and consisting of the string <M0>,lines starting with letters and containing the string <M0>,以字母开头并由字符串<M0>组成的行,a line starting with a letter and consisting of the string <M0>,correct
55,57,lines starting with letters and made up of the string <M0>,lines starting with letters and containing the string <M0>,以字母开头并由字符串<M0>组成的行,a line starting with a letter and consisting of the string <M0>,correct
56,58,rows with characters and numbers in front of vowels,rows with characters and numbers before vowels,元音前带有字符和数字的行,lines with characters and numbers before vowels,correct
57,59,"lines arranged with a word that has either the string <M0> , a lower-case letter , or the string <M1>","lines arranged with words that have either the string <M0> , a lower-case letter , or the string <M1>",包含单词<M0>，小写字母或字符串<M1>的单词排列的行,"a line of words containing the word <M0> , lowercase letters or the string <M1>",correct
58,60,"lines arranged with words that have either the string <M0> , a lowercase letter , or the string <M1>","lines arranged with words that have either the string <M0> , a lower-case letter , or the string <M1>",行排列的单词包含字符串<M0>，小写字母或字符串<M1>,"words arranged in rows contain the string <M0> , lowercase letters or the string <M1>",correct
59,61,lines arranged with words that end with the string <M0> or the string <M1>,lines with words that end with the string <M0> or the string <M1>,以单词<M0>或字符串<M1>结尾的单词排列的行,lines arranged with words ending in the word <M0> or the string <M1>,correct
60,62,rows ending with the string <M0>,lines ending with the string <M0>,以字符串<M0>结尾的行,line ending with the string <M0>,correct
61,63,strings ending with the string <M0>,lines ending with the string <M0>,以字符串<M0>结尾的字符串,string ending with the string <M0>,correct
62,64,"strings composed of either a capital letter , a character , or a numeric character","lines composed of either a capital letter , a character , or a numeric character",由大写字母，字符或数字字符组成的字符串,"string consisting of uppercase letters , characters or numeric characters",correct
63,65,"lines composed of either an uppercase letter , a character , or a numeric character","lines composed of either a capital letter , a character , or a numeric character",由大写字母，字符或数字字符组成的行,"lines consisting of uppercase letters , characters or numeric characters",correct
64,66,"lines not containing only the string <M0> , no more than three times","lines not containing only the string <M0> , no more than 3 times",仅包含字符串<M0>的行，最多不超过三行,"only lines containing the string <M0> , no more than three lines",bug
65,67,"lines with digits , greater than or equal to 5 times","lines with digits , 5 or more times",位数大于或等于5倍的行,rows with digits greater than or equal to 5 times,bug
66,68,"rows with digits , 5 or more times","lines with digits , 5 or more times",具有数字的行，连续5次或更多次,"rows with numbers , 5 or more consecutive times",correct
67,69,"strings not having a character , not an upper case letter , nor a lower-case letter","lines not having a character , not an upper case letter , nor a lower-case letter",没有字符，没有大写字母或小写字母的字符串,"no characters , no uppercase or lowercase letters",bug
68,70,"lines with words that have starting with a capitalized letter , 2 or more consecutive times in total","lines with words that have starting with a capitalized letter , 2 or more times in total",以大写字母开头的单词行，总共连续2次或更多次,"a line of words starting with a capital letter , a total of 2 or more consecutive times",correct
69,71,"lines arranged with words that have starting with a capitalized letter , 2 or more times in total","lines with words that have starting with a capitalized letter , 2 or more times in total",以大写字母开头的单词排列的行，总共2次或更多次,"a line of words starting with a capital letter , a total of 2 or more times",correct
70,72,rows beginning with a lower-case letter in front of digits,lines beginning with a lower-case letter in front of digits,以数字开头的小写字母开头的行,lines starting with a lowercase letter beginning with a number,bug
71,73,lines beginning with a lowercase letter in front of digits,lines beginning with a lower-case letter in front of digits,以数字前的小写字母开头的行,lines beginning with a lowercase letter before the number,correct
72,74,"strings not containing only the string <M0> , no more than 3 times","lines not containing only the string <M0> , no more than 3 times",仅包含字符串<M0>的字符串，最多不超过3次,"only contain the string <M0> , no more than 3 times",bug
73,75,"lines ending with vowels , zero or more consecutive times","lines ending with vowels , zero or more times",以元音结尾的行，连续零次或更多次,"a line ending in a vowel , zero or more consecutive times",correct
74,76,"lines ending with vowels , zero or greater times","lines ending with vowels , zero or more times",以元音结尾的行，零次或更多次,"lines ending in a vowel , zero or more times",correct
75,77,"lines with lettered words or containing the string <M0> , greater than or equal to zero times","lines with a letter or containing the string <M0> , greater than or equal to zero times",带有字母的单词或包含字符串<M0>的行，大于或等于零倍,"words with letters or lines containing the string <M0> , greater than or equal to zero times",correct
76,78,"lines with a letter or using the string <M0> , greater than or equal to zero times","lines with a letter or containing the string <M0> , greater than or equal to zero times",字母或使用字符串<M0>的行，大于或等于零倍,"letters or lines using the string <M0> , greater than or equal to zero times",correct
77,79,"lines with the string <M0> , 6 or more times in total before numbers","lines with the string <M0> , 6 or more times before numbers",字符串<M0>的行，数字前总共6次或更多次,"the line of the string <M0> , a total of 6 or more times before the number",correct
78,80,lines with vowels or a numeric character in front of a capital letter,lines with a vowel or a numeric character in front of a capital letter,用元音或大写字母前的数字字符组成的行,a line consisting of numeric characters before vowels or capital letters,correct
79,81,rows with a vowel or a numeric character in front of a capital letter,lines with a vowel or a numeric character in front of a capital letter,在大写字母前带有元音或数字字符的行,lines with vowels or numeric characters before capital letters,correct
80,82,lines with a capitalized letter followed by the string <M0>,lines with a capital letter followed by the string <M0>,带有大写字母的行，后跟字符串<M0>,"line with capital letters , followed by the string <M0>",correct
81,83,lines with an upper case letter followed by the string <M0>,lines with a capital letter followed by the string <M0>,行带有大写字母，后跟字符串<M0>,"the line has uppercase letters , followed by the string <M0>",correct
82,84,rows ending with the string <M0>,lines ending with the string <M0>,以字符串<M0>结尾的行,line ending with the string <M0>,correct
83,85,the line ends with the string <M0>,lines ending with the string <M0>,该行以字符串<M0>结尾,the line ends with the string <M0>,correct
84,86,rows preceded by an upper case letter or vowels and a numeric character,rows preceded by a capital letter or vowels and a numeric character,大写字母或元音和数字字符开头的行,lines beginning with capital letters or vowels and numeric characters,correct
85,87,rows preceded by a capitalized letter or vowels and a numeric character,rows preceded by a capital letter or vowels and a numeric character,大写字母或元音和数字字符开头的行,lines beginning with capital letters or vowels and numeric characters,bug
86,88,"lines arranged with the string <M0> before a string that is not a vowel , up to 2 times","lines arranged with the string <M0> before a string that is not a vowel , 2 or more times",在不是元音的字符串之前用字符串<M0>排列的行，最多2次,"lines arranged with the string <M0> before the string that is not a vowel , up to 2 times",correct
87,89,"strings preceded by the string <M0> , 6 or more times in total","strings preceded by the string <M0> , 6 or more times",字符串后跟字符串<M0>，总共6次或更多次,"the string is followed by the string <M0> , a total of 6 or more times",correct
88,90,"strings preceded by the string <M0> , up to 6 times","strings preceded by the string <M0> , 6 or more times",字符串后跟字符串<M0>，最多6次,"string followed by string <M0> , up to 6 times",correct
89,91,strings arranged with a word that has the string <M0> followed by a character,lines arranged with a word that has the string <M0> followed by a character,包含单词<M0>和一个字符的单词排列的字符串,a string of words containing the word <M0> and one character,correct
90,92,rows arranged with a word that has the string <M0> followed by a character,lines arranged with a word that has the string <M0> followed by a character,包含单词<M0>和一个字符的单词的行,a line containing the word <M0> and a character word,bug
91,93,lines starting from the string <M0> in front of a string that is not an uppercase letter,lines starting with the string <M0> in front of a string that is not an uppercase letter,从不是大写字母的字符串前面的字符串<M0>开始的行,the line starting from the string <M0> before the string that is not a capital letter,correct
92,94,strings starting with the string <M0> in front of a string that is not an uppercase letter,lines starting with the string <M0> in front of a string that is not an uppercase letter,在不是大写字母的字符串前面的字符串<M0>开头的字符串,the string starting with the string <M0> before the string that is not a capital letter,correct
93,95,strings with the string <M0> or lettered words in front of a vowel,strings with the string <M0> or a letter in front of a vowel,字符串为<M0>的字符串或元音前面的字母单词,the string is the string of <M0> or the letter word before the vowel,correct
94,96,strings with the string <M0> or letters in front of a vowel,strings with the string <M0> or a letter in front of a vowel,带有<M0>的字符串或元音前面的字母,the string with <M0> or the letter before the vowel,correct
95,97,"lines with a lowercase letter , zero or greater times before a numeric character","lines with a lower-case letter , zero or greater times before a numeric character",小写字母的行，在数字字符前零次或多次,"lines of lowercase letters , zero or more times before the numeric character",correct
96,98,"lines with a lower case letter , zero or greater times before a numeric character","lines with a lower-case letter , zero or greater times before a numeric character",小写字母的行，在数字字符前零次或多次,"lines of lowercase letters , zero or more times before the numeric character",correct
97,99,rows are not words that end with a lower-case letter,lines are not words that end with a lower-case letter,行不是以小写字母结尾的单词,words that do not end in lowercase letters,bug
98,100,strings are not words that end with a lower-case letter,lines are not words that end with a lower-case letter,字符串不是以小写字母结尾的单词,the string is not a word ending in a lowercase letter,correct
99,101,"strings with words that have the string <M0> , zero or greater times or the string <M1>","strings with words that have the string <M0> , zero or more times or the string <M1>",字符串为<M0>，零次或更多次或字符串为<M1>的单词的字符串,"the character string is <M0> , zero or more times , or the character string is a word string of <M1>",correct
100,102,strings with words that have the string <M0> (zero or more times) or the string <M1>,"strings with words that have the string <M0> , zero or more times or the string <M1>",字符串为<M0>（零次或多次）或字符串为<M1>的单词的字符串,"the string is <M0> , zero or more times or the string is the word string of <M1>",correct
101,103,"lines not having lettered words , not a character , and not the string <M0>","lines not having a letter , not a character , and not the string <M0>",行没有字母单词，字符而不是字符串<M0>,"the line has no letter words , characters instead of strings <M0>",correct
102,104,"lines not having letters , not a character , and not the string <M0>","lines not having a letter , not a character , and not the string <M0>",行不包含字母，字符而不是字符串<M0>,"line does not contain letters , characters instead of string <M0>",correct
103,105,"lines made up of either the string <M0> , a lower case letter , or a capital letter","lines containing either the string <M0> , a lower case letter , or a capital letter",由字符串<M0>，小写字母或大写字母组成的行,"a line consisting of the string <M0> , lowercase letters or uppercase letters",correct
104,106,"lines containing either the string <M0> , a lower case letter , or a capitalized letter","lines containing either the string <M0> , a lower case letter , or a capital letter",包含字符串<M0>，小写字母或大写字母的行,"lines containing the string <M0> , lowercase letters or uppercase letters",correct
105,107,"lines with a numeric character before either the string <M0> , the string <M1> , or the string <M2>","lines with a number before either the string <M0> , the string <M1> , or the string <M2>",在字符串<M0>，字符串<M1>或字符串<M2>之前带有数字字符的行,"lines with numeric characters before the string <M0> , string <M1> or string <M2>",correct
106,108,"lines with a number in front of either the string <M0> , the string <M1> , or the string <M2>","lines with a number before either the string <M0> , the string <M1> , or the string <M2>",在字符串<M0>，字符串<M1>或字符串<M2>前面带有数字的行,"lines with numbers in front of the string <M0> , string <M1> or string <M2>",correct
107,109,strings with the string <M0> or a letter before the string <M1>,lines with the string <M0> or a letter before the string <M1>,字符串<M0>或字符串<M1>前的字母,the character string <M0> or the letter before the character string <M1>,correct
108,110,rows with the string <M0> or a letter before the string <M1>,lines with the string <M0> or a letter before the string <M1>,字符串<M0>或字符串<M1>前的字母的行,the line of the letter before the string <M0> or the string <M1>,correct
109,111,strings ending with a vowel at least one time or an upper case letter,strings ending with a vowel at least once or an upper case letter,至少以一次元音或大写字母结尾的字符串,a string that ends with a vowel or capital letter at least once,correct
110,112,strings ending with vowels at least once or an upper case letter,strings ending with a vowel at least once or an upper case letter,至少以一次元音或大写字母结尾的字符串,a string that ends with a vowel or capital letter at least once,correct
111,113,rows with a lower case letter or a capital letter before vowels,rows with a lower-case letter or a capital letter before vowels,在元音前带有小写字母或大写字母的行,lines with lowercase or uppercase letters before vowels,correct
112,114,rows with a lower-case letter or an uppercase letter before vowels,rows with a lower-case letter or a capital letter before vowels,元音前带有小写字母或大写字母的行,lines with lowercase or uppercase letters before vowels,correct
113,115,"lines arranged with the string <M0> and the string <M1> or the string <M2> , zero or greater times","lines arranged with the string <M0> and the string <M1> or the string <M2> , zero or more times",字符串<M0>和字符串<M1>或字符串<M2>排列的行，零次或更多次,"lines arranged by string <M0> and string <M1> or string <M2> , zero or more times",correct
114,116,"lines arranged with the string <M0> and the string <M1> or the string <M2> , zero or more times in total","lines arranged with the string <M0> and the string <M1> or the string <M2> , zero or more times",由字符串<M0>和字符串<M1>或字符串<M2>排列的行，总共零次或多次,"lines arranged by string <M0> and string <M1> or string <M2> , a total of zero or more times",correct
115,117,"lines not having a lowercase letter , not a character , instead of an upper case letter","lines not having a lowercase letter , not a character , and not an upper case letter",行没有小写字母，不是字符，而不是大写字母,"the line has no lowercase letters , not characters , not uppercase letters",correct
116,118,"strings ending with the string <M0> then a character , zero or more consecutive times","strings ending with the string <M0> then a character , zero or more times",以字符串<M0>结尾的字符串，然后是一个字符，连续零次或更多次,"a string ending with the string <M0> , then a character , zero or more consecutive times",correct
117,119,"strings ending with the string <M0> then a character , greater than or equal to zero times","strings ending with the string <M0> then a character , zero or more times",以字符串<M0>结尾的字符串，然后是一个大于或等于零倍的字符,"a string ending with the string <M0> , followed by a character greater than or equal to zero times",correct
118,120,"lines not having digits , not the string <M0> , instead of a lower case letter instead of the string <M1>","lines not having digits , not the string <M0> , instead of a lower-case letter instead of the string <M1>",没有数字的行，不是字符串<M0>，而不是小写字母，而不是字符串<M1>,"lines without numbers , not the string <M0> , not lowercase letters , not the string <M1>",correct
119,121,"rows not having digits , not the string <M0> , instead of a lower-case letter instead of the string <M1>","lines not having digits , not the string <M0> , instead of a lower-case letter instead of the string <M1>",没有数字的行，不是字符串<M0>，而不是小写字母，而不是字符串<M1>,"lines without numbers , not the string <M0> , not lowercase letters , not the string <M1>",correct
120,122,rows not having an upper caseized letter at least once,rows not having a capitalized letter at least once,至少一次没有大写字母的行,lines without capital letters at least once,correct
121,123,rows not having an uppercaseized letter at least once,rows not having a capitalized letter at least once,至少一次没有大写字母的行,lines without capital letters at least once,correct
122,124,"lines with a word that has a lower case letter or an upper case letter , 3 or greater times","lines with a word that has a lower-case letter or an upper case letter , 3 or greater times",带有3个或更多次小写字母或大写字母的单词的行,lines with words with 3 or more lowercase or uppercase letters,bug
123,125,"lines not having a lower-case letter , not lettered words , and not a numeric character","lines not having a lower-case letter , not a letter , and not a numeric character",没有小写字母，没有字母的单词和数字字符的行,"lines with no lowercase letters , words without letters and numeric characters",correct
124,126,"lines not having a lower-case letter , not letters , and not a numeric character","lines not having a lower-case letter , not a letter , and not a numeric character",行不包含小写字母，not字母和数字字符,"the line does not contain lowercase letters , not letters and numbers",correct
125,127,lines not having the string <M0> or starting from the string <M1>,lines not having the string <M0> or starting with the string <M1>,没有字符串<M0>或从字符串<M1>开始的行,no string <M0> or line starting from string <M1>,correct
126,128,lines consisting of the string <M0> before the string <M1> or letters,lines consisting of the string <M0> before the string <M1> or a letter,由字符串<M0>之前的字符串<M0>或字母组成的行,a line consisting of the string <M0> or letters before the string <M0>,correct
127,129,lines consisting of the string <M0> in front of the string <M1> or a letter,lines consisting of the string <M0> before the string <M1> or a letter,由字符串<M1>前面的字符串<M0>或字母组成的行,a line consisting of the string <M0> or letters before the string <M1>,correct
128,130,rows with words that have preceded by lettered words at least one time,rows with words that have starting with lettered words at least one time,带有至少有一次字母单词的单词的行,lines with words that have letter words at least once,correct
129,131,rows with words that have starting from lettered words at least one time,rows with words that have starting with lettered words at least one time,从字母单词开始至少一次的单词行,word lines that start at least once with a letter word,correct
130,132,strings with lettered words followed by the string <M0> before a vowel,strings with a letter followed by the string <M0> before a vowel,带字母单词的字符串，后跟元音前的字符串<M0>,"a string of letter words , followed by the string before the vowel <M0>",bug
131,133,strings with a letter followed by the string <M0> in front of a vowel,strings with a letter followed by the string <M0> before a vowel,带有字母的字符串，后跟元音前面的字符串<M0>,"a string with letters , followed by the string <M0> before the vowel",correct
132,134,lines containing letters before the string <M0>,lines containing a letter before the string <M0>,在字符串<M0>之前包含字母的行,lines containing letters before the string <M0>,correct
133,135,lines containing a letter in front of the string <M0>,lines containing a letter before the string <M0>,在字符串<M0>前面包含字母的行,lines containing letters before the string <M0>,correct
134,136,lines not having a lower-case letter nor a capital letter at least once,lines not having a lower-case letter and not a capital letter at least once,至少一次没有小写字母或大写字母的行,lines with no lowercase or uppercase letters at least once,correct
135,137,lines not having a lower-case letter and not an upper case letter at least once,lines not having a lower-case letter and not a capital letter at least once,至少一次没有小写字母和大写字母的行,at least one line without lowercase and uppercase letters,bug
136,138,"lines arranged with a lower-case letter before either the string <M0> , a number , or the string <M1>","lines with a lower-case letter before either the string <M0> , a number , or the string <M1>",在字符串<M0>，数字或字符串<M1>之前以小写字母排列的行,"lines arranged in lowercase letters before the string <M0> , number or string <M1>",correct
137,139,rows consisting of the string <M0>,lines consisting of the string <M0>,由字符串<M0>组成的行,line consisting of the string <M0>,correct
138,140,strings consisting of the string <M0>,lines consisting of the string <M0>,由字符串<M0>组成的字符串,string composed of string <M0>,correct
139,141,"rows containing either the string <M0> , characters , or the string <M1>","lines containing either the string <M0> , characters , or the string <M1>",包含字符串<M0>，字符或字符串<M1>的行,"line containing string <M0> , character or string <M1>",correct
140,142,"lines composed of either the string <M0> , characters , or the string <M1>","lines containing either the string <M0> , characters , or the string <M1>",由字符串<M0>，字符或字符串<M1>组成的行,"line consisting of string <M0> , character or string <M1>",correct
141,143,rows arranged with the string <M0> followed by the string <M1> and not the string <M2>,lines arranged with the string <M0> followed by the string <M1> and not the string <M2>,以字符串<M0>和字符串<M1>而不是字符串<M2>排列的行,lines arranged with string <M0> and string <M1> instead of string <M2>,correct
142,144,lines arranged with the string <M0> followed by the string <M1> instead of the string <M2>,lines arranged with the string <M0> followed by the string <M1> and not the string <M2>,行以字符串<M0>排列，后跟字符串<M1>而不是字符串<M2>,"the lines are arranged in the string <M0> , followed by the string <M1> instead of the string <M2>",correct
143,145,"strings not having characters , a lower-case letter , or numbers","lines not having characters , a lower-case letter , or numbers",没有字符，小写字母或数字的字符串,"string without characters , lowercase letters or numbers",correct
144,146,"rows not having characters , a lower-case letter , or numbers","lines not having characters , a lower-case letter , or numbers",没有字符，小写字母或数字的行,"lines with no characters , lowercase letters or numbers",correct
145,147,strings beginning with vowels and ending with the string <M0>,strings starting with vowels and ending with the string <M0>,以元音开头且以<M0>结尾的字符串,a string beginning with a vowel and ending with <M0>,correct
146,148,strings starting from vowels and ending with the string <M0>,strings starting with vowels and ending with the string <M0>,从元音开始并以字符串<M0>结尾的字符串,a string beginning with a vowel and ending with the string <M0>,correct
147,149,"lines not having a number , not vowels , and not a lower-case letter","lines not having a number , not a vowel , and not a lower-case letter",没有数字，没有元音和没有小写字母的行,"lines with no numbers , no vowels and no lowercase letters",correct
148,150,"rows composed of either characters , the string <M0> , or vowels","lines composed of either characters , the string <M0> , or vowels",由字符，字符串<M0>或元音组成的行,"line consisting of characters , string <M0> or vowels",correct
149,151,"strings composed of either characters , the string <M0> , or vowels","lines composed of either characters , the string <M0> , or vowels",由字符，字符串<M0>或元音组成的字符串,"a string composed of characters , string <M0> or vowels",correct
150,152,"rows composed of only the string <M0> , 7 or more times","lines composed of only the string <M0> , 7 or more times",仅由字符串<M0>组成的行，连续7次或更多次,"line consisting only of the string <M0> , 7 or more consecutive times",correct
151,153,"lines composed of only the string <M0> , seven or more times","lines composed of only the string <M0> , 7 or more times",仅由字符串<M0>组成的行，连续七次或更多次,"a line consisting only of the string <M0> , seven or more consecutive times",correct
152,154,"lines with characters or a lower-case letter , four or greater times","lines with characters or a lower-case letter , four or more times",包含字符或小写字母的行，四次或更多次,"lines containing characters or lowercase letters , four or more times",correct
153,155,"lines with characters or a lower-case letter , four or more times in total","lines with characters or a lower-case letter , four or more times",包含字符或小写字母的行，总共四次或更多次,"lines containing characters or lowercase letters , a total of four or more times",correct
154,156,"rows with words that have a character , two or greater times","rows with words that have a character , 2 or greater times",带有两次以上字符的单词的行,lines of words with more than two characters,correct
155,157,"rows with a word that has a character , 2 or greater times","rows with words that have a character , 2 or greater times",包含2个或更多字符的单词的行,lines of words containing 2 or more characters,correct
156,158,"lines with a character then a lowercase letter , two or more consecutive times","lines with a character then a lower-case letter , two or more consecutive times",连续两个或多个字符的行，然后是小写字母,"a line of two or more consecutive characters , followed by lowercase letters",correct
157,159,"lines arranged with a character then a lower-case letter , two or more consecutive times","lines with a character then a lower-case letter , two or more consecutive times",连续两个或多个连续的字符排列的行，然后是小写字母,"a line of two or more consecutive characters , followed by lowercase letters",correct
158,160,"lines ending with the string <M0> or a vowel , 4 or more consecutive times","lines ending with the string <M0> or a vowel , 4 or more times",以字符串<M0>或元音结尾的行，连续4次或更多次,"lines ending with the string <M0> or vowels , 4 or more consecutive times",correct
159,161,"strings ending with the string <M0> or a vowel , 4 or more times","lines ending with the string <M0> or a vowel , 4 or more times",以字符串<M0>或元音结尾的字符串4次或更多次,strings ending in the string <M0> or vowels 4 or more times,correct
160,162,"strings with the string <M0> or letters and the string <M1> , greater than or equal to 0 times","strings with the string <M0> or letters and the string <M1> , greater than or equal to zero times",字符串<M0>或字母和字符串<M1>的字符串，大于或等于0次,"string <M0> or a string of letters and string <M1> , greater than or equal to 0 times",correct
161,163,rows ending with the string <M0>,lines ending with the string <M0>,以字符串<M0>结尾的行,line ending with the string <M0>,correct
162,164,the line ends with the string <M0>,lines ending with the string <M0>,该行以字符串<M0>结尾,the line ends with the string <M0>,correct
163,165,rows containing a capitalized letter then a vowel in front of the string <M0>,rows containing a capital letter then a vowel in front of the string <M0>,包含大写字母的行，然后在字符串<M0>前面的元音,"line containing uppercase letters , and then the vowel in front of the string <M0>",correct
164,166,"strings starting with words that have the string <M0> , 6 or more times in total","strings starting with words that have the string <M0> , 6 or more times",以包含字符串<M0>的单词开头的字符串，总共6次或更多次,"a string beginning with a word containing the string <M0> , a total of 6 or more times",correct
165,167,"strings starting with words that have the string <M0> , six or more times","strings starting with words that have the string <M0> , 6 or more times",以具有字符串<M0>的单词开头的字符串，六次或更多次,"a string starting with a word with the string <M0> , six or more times",correct
166,168,"lines ending with a character then the string <M0> , 4 or greater times","lines ending with a character followed by the string <M0> , 4 or greater times",以一个字符结尾的行，然后是字符串<M0>，至少4次,"line ending with one character , then the string <M0> , at least 4 times",correct
167,169,"strings ending with a character followed by the string <M0> , 4 or greater times","lines ending with a character followed by the string <M0> , 4 or greater times",以字符结尾的字符串，后跟字符串<M0>，4或更多次,"a character ending character string , followed by the character string <M0> , 4 or more times",correct
168,170,strings preceded by a capitalized letter then a letter,strings preceded by a capitalized letter followed by a letter,字符串后跟大写字母然后是字母,string followed by uppercase letters and then letters,correct
169,171,strings preceded by an uppercaseized letter followed by a letter,strings preceded by a capitalized letter followed by a letter,字符串后跟一个大写字母，再跟一个字母,"string followed by an uppercase letter , followed by a letter",correct
170,172,"lines not having a digit , not letters , and not a lower-case letter","lines not having a digit , not a letter , and not a lower-case letter",没有数字，字母和小写字母的行,"lines without numbers , letters and lowercase letters",correct
171,173,"lines not having a digit , not a letter , and not a lowercase letter","lines not having a digit , not a letter , and not a lower-case letter",没有数字，字母和小写字母的行,"lines without numbers , letters and lowercase letters",correct
172,174,lines not starting from letters and not a capital letter,lines not starting with letters and not a capital letter,行不是以字母开头也不是大写字母,the line does not start with a letter or is not a capital letter,correct
173,175,"strings not having the string <M0> , not vowels , and not a lower-case letter","lines not having the string <M0> , not vowels , and not a lower-case letter",字符串不包含字符串<M0>，不包含元音，也不包含小写字母,"the string does not contain the string <M0> , does not contain vowels , and does not contain lowercase letters",correct
174,176,"lines not having the string <M0> , not vowels , and not a lowercase letter","lines not having the string <M0> , not vowels , and not a lower-case letter",行没有字符串<M0>，没有元音，也没有小写字母,"the line has no string <M0> , no vowels , and no lowercase letters",correct
175,177,strings with words that have starting with the string <M0> then a lower case letter,lines with words that have starting with the string <M0> then a lower case letter,带有以<M0>开头的字母，然后是小写字母的单词的字符串,string with words starting with <M0> and then words with lowercase letters,bug
176,178,rows with words that have starting with the string <M0> then a lower case letter,lines with words that have starting with the string <M0> then a lower case letter,包含以字符串<M0>开头，然后为小写字母的单词的行,lines containing words starting with the string <M0> and then lowercase letters,bug
177,179,lines ending with a string that contains only a capital letter at least one time,lines ending with a string that contains only a capital letter at least once,以至少只包含一个大写字母的字符串结尾的行,lines that end with a string containing at least one uppercase letter,bug
178,180,rows ending with a string that contains only a capital letter at least once,lines ending with a string that contains only a capital letter at least once,以至少包含一次大写字母的字符串结尾的行,lines ending with a string containing at least one uppercase letter,correct
179,181,lines containing the string <M0> or a capitalized letter followed by characters,lines containing the string <M0> or a capital letter followed by characters,包含字符串<M0>或大写字母后跟字符的行,lines containing the string <M0> or uppercase letters followed by characters,correct
180,182,lines composed of the string <M0> or a capital letter followed by characters,lines containing the string <M0> or a capital letter followed by characters,由字符串<M0>或大写字母后跟字符组成的行,a line consisting of the string <M0> or uppercase letters followed by characters,correct
181,183,lines arranged with a character in front of a vowel or the string <M0> (zero or more times),"lines arranged with a character in front of a vowel or the string <M0> , zero or more times",在元音或字符串<M0>前面排列有字符的行（零次或多次）,"lines with characters arranged in front of the vowel or string <M0> , zero or more times",correct
182,184,"rows with a character , greater than or equal to two times in front of a digit","lines with a character , greater than or equal to two times in front of a digit",在一个数字前大于或等于两倍字符的行,a line that is greater than or equal to two characters before a number,correct
183,185,strings with a character before a vowel and containing a lower-case letter,lines with a character before a vowel and containing a lower-case letter,带有元音前字符且包含小写字母的字符串,string with characters before vowels and containing lowercase letters,correct
184,186,rows with the string <M0> or not characters at least one time,lines with the string <M0> or not characters at least one time,至少一次包含字符串<M0>的行,lines containing the string <M0> at least once,correct
185,187,lines arranged with words that contain ending with letters,lines with words that contain ending with letters,以包含以字母结尾的单词排列的行,lines that contain words that end with a letter,bug
186,188,rows with words that contain ending with letters,lines with words that contain ending with letters,包含以字母结尾的单词的行,lines containing words ending in letters,correct
187,189,"strings having either a letter , the string <M0> , or an upper case letter in front of the string <M1>","lines having either a letter , the string <M0> , or an upper case letter in front of the string <M1>",在字符串<M1>之前具有字母，字符串<M0>或大写字母的字符串,"a string with letters before the string <M1> , string <M0> or uppercase letters",bug
188,190,"rows having either a letter , the string <M0> , or an upper case letter in front of the string <M1>","lines having either a letter , the string <M0> , or an upper case letter in front of the string <M1>",具有字母，字符串<M0>或字符串<M1>前面的大写字母的行,"lines with letters , string <M0> or uppercase letter before string <M1>",correct
189,191,strings arranged with the string <M0> before the string <M1> or a number and the string <M2>,lines arranged with the string <M0> before the string <M1> or a number and the string <M2>,在字符串<M1>之前以字符串<M0>或数字和字符串<M2>排列的字符串,a character string arranged with character string <M0> or number and character string <M2> before character string <M1>,correct
190,192,lines arranged with the string <M0> before the string <M1> or digits and the string <M2>,lines arranged with the string <M0> before the string <M1> or a number and the string <M2>,在字符串<M1>或数字和字符串<M2>之前以字符串<M0>排列的行,lines arranged with the string <M0> before the string <M1> or the number and string <M2>,correct
191,193,"lines with a character followed by a vowel , two or more times","lines with a character followed by a vowel , 2 or more times",带有字符的行和元音，两次或更多次,"lines and vowels with characters , two or more times",correct
192,194,lines with the string <M0> then a lower-case letter,lines with the string <M0> followed by a lower-case letter,字符串<M0>的行，然后是小写字母,"the line of the string <M0> , followed by lowercase letters",correct
193,195,lines with the string <M0> followed by a lowercase letter,lines with the string <M0> followed by a lower-case letter,字符串<M0>后接小写字母的行,the string <M0> followed by lowercase letters,bug
194,196,"strings having either the string <M0> , vowels , or the string <M1> in front of numbers","strings having either the string <M0> , vowels , or the string <M1> before numbers",在数字前具有字符串<M0>，元音或字符串<M1>的字符串,"a string with the string <M0> , vowel or string <M1> before the number",correct
195,197,lines with a lower case letter then a digit in front of an upper case letter,lines with a lower-case letter then a digit in front of an upper case letter,带有小写字母的行，然后是大写字母前面的数字,"a line with lowercase letters , then the number before the uppercase letter",correct
196,198,lines with a lowercase letter then a digit in front of an upper case letter,lines with a lower-case letter then a digit in front of an upper case letter,带有小写字母的行，然后是大写字母前面的数字,"a line with lowercase letters , then the number before the uppercase letter",correct
197,199,"strings not having the string <M0> , a character , or the string <M1>","lines not having the string <M0> , a character , or the string <M1>",没有字符串<M0>，字符或字符串<M1>的字符串,"string without string <M0> , character or string <M1>",correct
198,200,"lines not having the string <M0> , characters , or the string <M1>","lines not having the string <M0> , a character , or the string <M1>",行不包含字符串<M0>，字符或字符串<M1>,"line does not contain string <M0> , character or string <M1>",correct
199,201,lines with a word that has a character or the string <M0> before the string <M1>,lines with words that have a character or the string <M0> before the string <M1>,行中包含字符或字符串<M0>之前的单词的行,lines containing characters or words before the string <M0>,correct
200,202,lines with words that have characters or the string <M0> before the string <M1>,lines with words that have a character or the string <M0> before the string <M1>,包含字符的单词行或字符串<M1>之前的字符串<M0>,word line containing characters or string <M0> before string <M1>,correct
201,203,"lines arranged with a number , 4 or greater times","lines arranged with a number , 4 or more times",行数大于等于4的行,the number of rows is greater than or equal to 4 rows,bug
202,204,"strings arranged with a number , 4 or more times","lines arranged with a number , 4 or more times",字符串排列了4次以上,the string is arranged more than 4 times,correct
203,205,lines consisting of an upper case letter,lines containing an upper case letter,由大写字母组成的行,line consisting of uppercase letters,correct
204,206,rows containing an upper case letter,lines containing an upper case letter,包含大写字母的行,lines containing capital letters,correct
205,207,strings with a word that has a vowel in front of a lower-case letter,strings with a word that has a vowel before a lower-case letter,带有在小写字母前带有元音的单词的字符串,string with words with vowels before lowercase letters,correct
206,208,strings with a word that has a vowel before a lower case letter,strings with a word that has a vowel before a lower-case letter,带有小写字母前有元音的单词的字符串,a string of words with vowels before lowercase letters,correct
207,209,"lines with a numeric character , 5 or more times","lines with a number , 5 or more times",带有5个或更多数字字符的行,lines with 5 or more numeric characters,correct
208,210,"lines arranged with a number , 5 or more times","lines with a number , 5 or more times",行数大于或等于5次,the number of rows is greater than or equal to 5 times,correct
209,211,"lines arranged with words that have a character , 0 or greater times","lines arranged with words that have a character , 0 or more times",用字符，大于等于0的单词排列的行,"lines arranged by characters , words greater than or equal to 0",correct
210,212,"lines arranged with a word that has a character , 0 or more times","lines arranged with words that have a character , 0 or more times",排列的行包含一个字符，该字符为0次或多次,"the arranged line contains one character , the character is 0 or more times",correct
211,213,"lines with lettered words , zero or greater times before a character","lines with a letter , zero or greater times before a character",带有字母单词的行，字符前的零次或更多次,"lines with letter words , zero or more times before the character",correct
212,214,"rows with words that have numbers , 5 or more times","rows with words that have a number , 5 or more times",包含5次或以上的数字的行,lines containing 5 or more numbers,correct
213,215,"rows with words that have digits , 5 or more times","rows with words that have a number , 5 or more times",带有5或更多次数字的单词的行,lines with words with 5 or more numbers,bug
214,216,the line begins with vowels or the string <M0>,the line begins with a vowel or the string <M0>,该行以元音或字符串<M0>开头,the line starts with a vowel or string <M0>,correct
215,217,lines not having a lower-case letter and not a numeric character,lines not having a lower-case letter and not a number,行不包含小写字母，也不包含数字字符,the line does not contain lowercase letters or numeric characters,correct
216,218,strings not having a lower-case letter and not a number,lines not having a lower-case letter and not a number,没有小写字母而不是数字的字符串,string without lowercase letters instead of numbers,correct
217,219,lines with the string <M0> before vowels or a numeric character,lines with the string <M0> before a vowel or a numeric character,在元音或数字字符前的字符串<M0>的行,the line of the string <M0> before the vowel or numeric character,correct
218,220,lines arranged with the string <M0> before a vowel or a numeric character,lines with the string <M0> before a vowel or a numeric character,在元音或数字字符前用字符串<M0>排列的行,lines arranged with the string <M0> before vowels or numeric characters,correct
219,221,strings with words that have the string <M0> or composed of the string <M1>,lines with words that have the string <M0> or composed of the string <M1>,字符串为<M0>或由字符串<M1>组成的单词的字符串,the string is <M0> or a string of words consisting of the string <M1>,correct
220,222,lines arranged with words that have the string <M0> or composed of the string <M1>,lines with words that have the string <M0> or composed of the string <M1>,由具有字符串<M0>或由字符串<M1>组成的单词排列的行,lines arranged by words with the character string <M0> or the character string <M1>,correct
221,223,rows starting with a letter before a character,lines starting with a letter before a character,以字符开头的字母开头的行,lines beginning with a letter beginning with a character,bug
222,224,strings starting with a letter before a character,lines starting with a letter before a character,以字符前的字母开头的字符串,string beginning with the letter before the character,correct
223,225,"lines arranged with words that contain either a vowel , the string <M0> , or the string <M1>","lines with words that contain either a vowel , the string <M0> , or the string <M1>",行排列的单词包含元音，字符串<M0>或字符串<M1>,"words arranged in rows contain vowels , string <M0> or string <M1>",bug
224,226,"rows with words that contain either a vowel , the string <M0> , or the string <M1>","lines with words that contain either a vowel , the string <M0> , or the string <M1>",包含元音，字符串<M0>或字符串<M1>的单词的行,"lines of words containing vowels , string <M0> or string <M1>",correct
225,227,strings with a lower-case letter then a digit in front of an upper case letter,lines with a lower-case letter then a digit in front of an upper case letter,带有小写字母的字符串，然后是大写字母前面的数字,"string with lowercase letters , then the number before the uppercase letter",correct
226,228,lines arranged with a lower-case letter then a digit in front of an upper case letter,lines with a lower-case letter then a digit in front of an upper case letter,以小写字母排列的行，然后是大写字母前面的数字,"rows in lowercase letters , followed by the numbers before the uppercase letters",bug
227,229,"rows beginning with the string <M0> then the string <M1> , greater than or equal to 5 times","rows starting with the string <M0> then the string <M1> , greater than or equal to 5 times",以字符串<M0>开头的行，然后是字符串<M1>的行，大于或等于5倍,"the line starting with the string <M0> , and then the line with the string <M1> , greater than or equal to 5 times",correct
228,230,"rows not having the string <M0> , not characters , nor the string <M1>","lines not having the string <M0> , not characters , nor the string <M1>",行没有字符串<M0>，没有字符，也没有字符串<M1>,"the line has no string <M0> , no characters , and no string <M1>",correct
229,231,the line starts with vowels or containing the string <M0>,the line starts with a vowel or containing the string <M0>,该行以元音开头或包含字符串<M0>,the line starts with a vowel or contains the string <M0>,correct
230,232,"rows are not a word that has a vowel , not a lower case letter , instead of the string <M0>","rows are not a word that has a vowel , not a lower-case letter , instead of the string <M0>",行不是具有元音而不是小写字母的单词，而不是字符串<M0>,"the line is not a word with vowels instead of lowercase letters , not the string <M0>",correct
231,233,"rows are not a word that has a vowel , not a lowercase letter , instead of the string <M0>","rows are not a word that has a vowel , not a lower-case letter , instead of the string <M0>",行不是具有元音而不是小写字母的单词，而不是字符串<M0>,"the line is not a word with vowels instead of lowercase letters , not the string <M0>",correct
232,234,the line starts with vowels or containing the string <M0>,the line starts with a vowel or containing the string <M0>,该行以元音开头或包含字符串<M0>,the line starts with a vowel or contains the string <M0>,correct
233,235,rows consisting of the string <M0>,lines consisting of the string <M0>,由字符串<M0>组成的行,line consisting of the string <M0>,correct
234,236,strings consisting of the string <M0>,lines consisting of the string <M0>,由字符串<M0>组成的字符串,string composed of string <M0>,correct
235,237,strings beginning with words that contain a character,strings starting with words that contain a character,以包含字符的单词开头的字符串,string beginning with a word containing characters,correct
236,238,strings preceded by words that contain a character,strings starting with words that contain a character,字符串后跟包含字符的单词,string followed by words containing characters,correct
237,239,rows with words that do not have a vowel at least once,rows with words that don't have a vowel at least once,带有至少一次没有元音的单词的行,lines with words without vowels at least once,correct
238,240,rows with words that don't have a vowel at least one time,rows with words that don't have a vowel at least once,至少一次没有元音的单词的行,lines of words without vowels at least once,bug
239,241,"lines with words that do not have a character , 0 or more times","lines with words that don't have a character , 0 or more times",没有字符的单词行，0次或多次,"word line without characters , 0 or more times",correct
240,242,"strings with words that don't have a character , 0 or more times","lines with words that don't have a character , 0 or more times",带有不带字符的单词的字符串，0次或更多次,"string with words without characters , 0 or more times",correct
241,243,lines made up of a character or a vowel,lines containing a character or a vowel,由字符或元音组成的行,line consisting of characters or vowels,correct
242,244,lines composed of a character or a vowel,lines containing a character or a vowel,由字符或元音组成的行,line consisting of characters or vowels,correct
243,245,lines not having a capital letter and not a character in front of lettered words,lines not having a capital letter and not a character in front of a letter,没有大写字母且字母前面没有字符的行,lines with no uppercase letters and no characters before the letter,correct
244,246,lines not having an upper case letter and not a character in front of a letter,lines not having a capital letter and not a character in front of a letter,没有大写字母且字母前面没有字符的行,lines with no uppercase letters and no characters before the letter,correct
245,247,"rows not having a digit , not a capitalized letter , nor a vowel","rows not having a digit , not a capitalized letter , and not a vowel",没有数字，大写字母或元音的行,"lines without numbers , capital letters or vowels",correct
246,248,"rows not having a digit , not an uppercaseized letter , and not a vowel","rows not having a digit , not a capitalized letter , and not a vowel",没有数字，没有大写字母和元音的行,"no lines with numbers , no capital letters and vowels",bug
247,249,"lines with the string <M0> or containing only the string <M1> , greater than or equal to three times","lines with the string <M0> or containing only the string <M1> , three or more times",字符串<M0>或仅包含字符串<M1>的行，大于或等于三倍,"the string <M0> or the line containing only the string <M1> , greater than or equal to three times",correct
248,250,lines arranged with the string <M0> before the string <M1> or a letter,lines with the string <M0> before the string <M1> or a letter,在字符串<M1>或字母之前以字符串<M0>排列的行,lines arranged in the string <M0> before the string <M1> or letters,correct
249,251,lines with the string <M0> before the string <M1> or letters,lines with the string <M0> before the string <M1> or a letter,在字符串<M1>或字母之前的字符串<M0>的行,the line of the string <M0> before the string <M1> or the letter,correct
250,252,lines with words that have starting from the string <M0> or the string <M1>,lines with words that have starting with the string <M0> or the string <M1>,从字符串<M0>或字符串<M1>开始的单词行,word line starting from string <M0> or string <M1>,correct
251,253,rows with words that have starting with the string <M0> or the string <M1>,lines with words that have starting with the string <M0> or the string <M1>,以字符串<M0>或字符串<M1>开头的单词的行,a line of words starting with the string <M0> or the string <M1>,correct
252,254,the line ends with the string <M0> or a lower-case letter followed by the string <M1>,lines ending with the string <M0> or a lower-case letter followed by the string <M1>,该行以字符串<M0>或小写字母结尾，后跟字符串<M1>,"the line ends with the string <M0> or a lowercase letter , followed by the string <M1>",correct
253,255,rows ending with the string <M0> or a lower-case letter followed by the string <M1>,lines ending with the string <M0> or a lower-case letter followed by the string <M1>,以字符串<M0>或小写字母后跟字符串<M1>结尾的行,lines ending with the string <M0> or lowercase letters followed by the string <M1>,correct
254,256,"strings with the string <M0> , no more than 3 times or starting with numbers","strings with the string <M0> , 3 or more times or starting with numbers",字符串<M0>的字符串，最多3次或以数字开头,"string of string <M0> , up to 3 times or start with a number",correct
255,257,"strings with the string <M0> , 3 or more times in total or starting with numbers","strings with the string <M0> , 3 or more times or starting with numbers",字符串为<M0>的字符串，总共3次或更多次，或者以数字开头,"the string is a string of <M0> , a total of 3 or more times , or starts with a number",correct
256,258,"lines with the string <M0> , 3 or greater times or a vowel followed by the string <M1>","lines with the string <M0> , 3 or more times or a vowel followed by the string <M1>",字符串<M0>的行，连续3次或更多次，或者元音后跟字符串<M1>,"the line of the string <M0> , 3 or more consecutive times , or the vowel followed by the string <M1>",correct
257,259,"strings with the string <M0> , 3 or more times or a vowel followed by the string <M1>","lines with the string <M0> , 3 or more times or a vowel followed by the string <M1>",包含字符串<M0>的字符串，3次或更多次或一个元音后跟字符串<M1>,"a string containing the string <M0> , 3 or more times or a vowel followed by the string <M1>",correct
258,260,lines not having the string <M0> or numbers in front of a lowercase letter,lines not having the string <M0> or numbers in front of a lower-case letter,没有字符串<M0>或小写字母前面的数字的行,lines without the string <M0> or numbers before lowercase letters,correct
259,261,rows not having the string <M0> or numbers in front of a lower-case letter,lines not having the string <M0> or numbers in front of a lower-case letter,没有字符串<M0>或小写字母前面的数字的行,lines without the string <M0> or numbers before lowercase letters,correct
260,262,rows composed of an upper case letter before characters,lines composed of an upper case letter before characters,在字符前由大写字母组成的行,a line consisting of uppercase letters before the character,correct
261,263,strings composed of an upper case letter before characters,lines composed of an upper case letter before characters,在字符前由大写字母组成的字符串,a string of uppercase letters before the character,bug
262,264,the line starts with words that have a capitalized letter followed by a character,lines starting with words that have a capitalized letter followed by a character,该行以带有大写字母的单词开头，后跟一个字符,"the line starts with a word with capital letters , followed by a character",correct
263,265,the line begins with words that have a capitalized letter followed by a character,lines starting with words that have a capitalized letter followed by a character,该行以带有大写字母的单词开头，后跟一个字符,"the line starts with a word with capital letters , followed by a character",correct
264,266,lines with numbers before a vowel or the string <M0>,lines with a number before a vowel or the string <M0>,元音前的数字或字符串<M0>,number or string before the vowel <M0>,correct
265,267,rows with a number before a vowel or the string <M0>,lines with a number before a vowel or the string <M0>,元音前的数字或字符串<M0>的行,number or string <M0> before the vowel,bug
266,268,"lines having either a lower-case letter , a vowel , or a capital letter in front of a character","lines having either a lower-case letter , a vowel , or a capital letter before a character",字符前面有小写字母，元音或大写字母的行,"a line with a lowercase , vowel , or uppercase letter before the character",correct
267,269,"lines having either a lower case letter , a vowel , or a capital letter before a character","lines having either a lower-case letter , a vowel , or a capital letter before a character",字符前有小写字母，元音或大写字母的行,"lines with lowercase letters , vowels or uppercase letters before the characters",correct
268,270,strings ending with an upper case letter or not the string <M0>,lines ending with an upper case letter or not the string <M0>,以大写字母结尾的字符串或不是字符串<M0>,a string ending in a capital letter or not a string <M0>,correct
269,271,the line ends with an upper case letter or not the string <M0>,lines ending with an upper case letter or not the string <M0>,该行以大写字母结尾或不是字符串<M0>,the line ends with a capital letter or is not a string <M0>,correct
270,272,"strings with a letter or a lower-case letter , greater than or equal to 2 times","lines with a letter or a lower-case letter , greater than or equal to 2 times",字母或小写字母大于或等于2倍的字符串,a string of letters or lowercase letters greater than or equal to 2 times,correct
271,273,lines arranged with a word that has the string <M0> then the string <M1> at least once,lines arranged with words that have the string <M0> then the string <M1> at least once,行排列的单词至少包含一次字符串<M0>然后是字符串<M1>,words arranged in rows contain the string <M0> and then the string <M1> at least once,bug
272,274,strings arranged with words that have the string <M0> then the string <M1> at least once,lines arranged with words that have the string <M0> then the string <M1> at least once,至少包含一次包含单词<M0>然后字符串<M1>的单词的字符串,a string containing words containing the word <M0> and then the string <M1> at least once,correct
273,275,"strings with a character followed by a vowel , 2 or more times","lines with a character followed by a vowel , 2 or more times",字符后跟元音的字符串，两次或更多次,"a string of characters followed by vowels , two or more times",correct
274,276,"lines composed of letters then the string <M0> , 7 or more times in total","lines composed of letters then the string <M0> , 7 or more times",由字母和字符串<M0>组成的行，总共7次或更多次,"a line consisting of letters and string <M0> , a total of 7 or more times",correct
275,277,"rows having either a lower case letter , the string <M0> , or characters in front of the string <M1>","lines having either a lower case letter , the string <M0> , or characters in front of the string <M1>",具有小写字母，字符串<M0>或字符串<M1>前面的字符的行,"lines with lowercase letters , string <M0> or characters before string <M1>",bug
276,278,"strings having either a lower case letter , the string <M0> , or characters in front of the string <M1>","lines having either a lower case letter , the string <M0> , or characters in front of the string <M1>",具有小写字母，字符串<M0>或字符串<M1>前面的字符的字符串,"a string with lowercase letters , the character before the string <M0> or the string <M1>",bug
277,279,"strings with a lowercase letter , no more than six times","strings with a lowercase letter , no more than 6 times",带有小写字母的字符串，最多不超过六次,"string with lowercase letters , no more than six times",correct
278,280,the line starts with a vowel or using the string <M0>,the line starts with a vowel or containing the string <M0>,该行以元音或使用字符串<M0>开头,the line starts with a vowel or the string <M0>,correct
279,281,the line starts with vowels or containing the string <M0>,the line starts with a vowel or containing the string <M0>,该行以元音开头或包含字符串<M0>,the line starts with a vowel or contains the string <M0>,correct
280,282,"rows ending with the string <M0> followed by a character , up to 3 times","lines ending with the string <M0> followed by a character , up to 3 times",以字符串<M0>结尾且后跟一个字符的行，最多3次,"lines ending with the string <M0> followed by one character , up to 3 times",correct
281,283,"strings ending with the string <M0> followed by a character , up to 3 times","lines ending with the string <M0> followed by a character , up to 3 times",以字符串<M0>结尾的字符串，后跟一个字符，最多3次,"a string ending with the string <M0> , followed by a character , up to 3 times",correct
282,284,strings are not a word that has the string <M0> followed by a numeric character,lines are not a word that has the string <M0> followed by a numeric character,字符串不是包含字符串<M0>后跟数字字符的单词,the string is not a word containing the string <M0> followed by numeric characters,correct
283,285,rows are not a word that has the string <M0> followed by a numeric character,lines are not a word that has the string <M0> followed by a numeric character,行不是包含字符串<M0>后跟数字字符的单词,the line is not a word that contains the string <M0> followed by numeric characters,correct
284,286,"strings not having the string <M0> in front of either a vowel , the string <M1> , or a character","strings not having the string <M0> before either a vowel , the string <M1> , or a character",在元音，字符串<M1>或字符前面没有字符串<M0>的字符串,"in the vowel , the string <M1> or the string without the string <M0> before the character",bug
285,287,"strings not having the string <M0> before either a vowel , the string <M1> , or characters","strings not having the string <M0> before either a vowel , the string <M1> , or a character",元音，字符串<M1>或字符前没有字符串<M0>的字符串,"vowel , character string <M1> or character string without character string <M0>",bug
286,288,"rows arranged with vowels or the string <M0> , up to 7 times in total","lines arranged with vowels or the string <M0> , up to 7 times in total",用元音或字符串<M0>排列的行，总共最多7次,"lines arranged with vowels or string <M0> , a total of up to 7 times",correct
287,289,"lines arranged with vowels or the string <M0> , up to seven times in total","lines arranged with vowels or the string <M0> , up to 7 times in total",用元音或字符串<M0>排列的行，总共最多七次,"lines arranged with vowels or string <M0> , a total of up to seven times",correct
288,290,rows starting with the string <M0> or a vowel,lines starting with the string <M0> or a vowel,以字符串<M0>或元音开头的行,line starting with the string <M0> or vowel,correct
289,291,strings starting with the string <M0> or a vowel,lines starting with the string <M0> or a vowel,以字符串<M0>或元音开头的字符串,a string beginning with the string <M0> or a vowel,correct
290,292,strings with lettered words followed by the string <M0> in front of vowels,strings with lettered words followed by the string <M0> before vowels,带有字母单词的字符串，后跟元音前面的字符串<M0>,a string of letter words followed by the string <M0> before the vowel,bug
291,293,strings with lettered words then the string <M0> before vowels,strings with lettered words followed by the string <M0> before vowels,带字母单词的字符串，然后是元音前的字符串<M0>,"a string of letter words , then the string before the vowel <M0>",bug
292,294,"lines not having a lower-case letter , not a capitalized letter , and not the string <M0>","lines not having a lower-case letter , not a capital letter , and not the string <M0>",行没有小写字母，大写字母和字符串<M0>,"the line has no lowercase letters , uppercase letters and string <M0>",correct
293,295,"strings not having a lower-case letter , not a capital letter , and not the string <M0>","lines not having a lower-case letter , not a capital letter , and not the string <M0>",不包含小写字母，大写字母和字符串<M0>的字符串,"a string that does not contain lowercase letters , uppercase letters and the string <M0>",correct
294,296,"lines with an uppercase letter , zero or more times in total in front of a digit","lines with an uppercase letter , zero or more times in front of a digit",大写字母的行，在数字前总共零次或多次,"lines of uppercase letters , a total of zero or more times before the number",correct
295,297,"lines with an uppercase letter , 0 or more times in front of a digit","lines with an uppercase letter , zero or more times in front of a digit",大写字母的行，在数字前0次或多次,"lines of capital letters , 0 or more times before the number",correct
296,298,"lines ending with the string <M0> then a character , up to 3 times","lines ending with the string <M0> followed by a character , up to 3 times",以字符串<M0>结尾的行，然后是一个字符，最多3次,"the line ending with the string <M0> , then one character , up to 3 times",correct
297,299,"lines ending with the string <M0> followed by characters , up to 3 times","lines ending with the string <M0> followed by a character , up to 3 times",以字符串<M0>结尾的行，其后是个字符，最多3次,"the line ending with the string <M0> , followed by characters , up to 3 times",correct
298,300,"lines arranged with numbers or a lower-case letter , up to 3 times in total","lines arranged with a number or a lower-case letter , up to 3 times in total",以数字或小写字母排列的行，总共最多3次,"lines arranged in numbers or lowercase letters , up to 3 times in total",correct
299,301,"lines arranged with a digit or a lower-case letter , up to 3 times in total","lines arranged with a number or a lower-case letter , up to 3 times in total",以数字或小写字母排列的行，总共最多3次,"lines arranged in numbers or lowercase letters , up to 3 times in total",correct
300,302,"lines not having an upper case letter , not letters , and not a character","lines not having an upper case letter , not a letter , and not a character",没有大写字母，不是字母和字符的行,"no capital letters , not letters and character lines",correct
301,303,"lines not having an upper case letter , not lettered words , and not a character","lines not having an upper case letter , not a letter , and not a character",没有大写字母，没有字母的单词和字符的行,"no capital letters , no letter words and character lines",correct
302,304,lines not ending with a letter nor a lower-case letter,lines not ending with a letter and not a lower-case letter,行不以字母或小写字母结尾,the line does not end with a letter or lowercase letter,correct
303,305,lines not ending with lettered words and not a lower-case letter,lines not ending with a letter and not a lower-case letter,行不以字母单词而不是小写字母结尾,the line does not end in a letter word instead of a lowercase letter,correct
304,306,"lines not containing only the string <M0> , no more than three times","lines not containing only the string <M0> , no more than 3 times",仅包含字符串<M0>的行，最多不超过三行,"only lines containing the string <M0> , no more than three lines",bug
305,307,rows consisting of the string <M0>,lines consisting of the string <M0>,由字符串<M0>组成的行,line consisting of the string <M0>,correct
306,308,strings consisting of the string <M0>,lines consisting of the string <M0>,由字符串<M0>组成的字符串,string composed of string <M0>,correct
307,309,lines starting with digits in front of a lower-case letter,lines starting with digits before a lower-case letter,以小写字母开头的数字开头的行,lines beginning with numbers beginning with lowercase letters,bug
308,310,lines starting with digits before a lowercase letter,lines starting with digits before a lower-case letter,以小写字母前的数字开头的行,lines beginning with a number before a lowercase letter,bug
309,311,"lines arranged with the string <M0> in front of a string that is not a vowel , 2 or more times","lines arranged with the string <M0> before a string that is not a vowel , 2 or more times",在不是元音的字符串前面以字符串<M0>排列的行2次或更多次,2 or more lines arranged in the string <M0> before the string that is not a vowel,correct
310,312,"lines arranged with the string <M0> before a string that is not a vowel , 2 or more consecutive times","lines arranged with the string <M0> before a string that is not a vowel , 2 or more times",在不是元音的字符串之前用字符串<M0>排列的行，连续两次或更多次,"lines arranged with the string <M0> before a string that is not a vowel , two or more consecutive times",correct
311,313,rows with the string <M0> at least once or containing a capital letter,lines with the string <M0> at least once or containing a capital letter,字符串<M0>至少一次或包含大写字母的行,string <M0> at least once or a line containing uppercase letters,correct
312,314,rows not having a lower case letter,rows not having a lower-case letter,没有小写字母的行,lines without lowercase letters,correct
313,315,rows not having a lowercase letter,rows not having a lower-case letter,没有小写字母的行,lines without lowercase letters,correct
314,316,"strings with vowels in front of the string <M0> , up to seven times","strings with vowels in front of the string <M0> , up to 7 times",字符串<M0>前面带有元音的字符串，最多七次,"string with a vowel in front of the string <M0> , up to seven times",correct
315,317,"lines containing a vowel or lettered words , no more than six times","lines containing a vowel or lettered words , no more than 6 times",包含元音或字母单词的行，最多不超过6次,"lines containing vowels or letter words , no more than 6 times",correct
316,318,"strings not having vowels , letters , or characters","strings not having a vowel , letters , or characters",没有元音，字母或字符的字符串,"string without vowels , letters or characters",correct
317,319,rows with words that don't have a vowel at least one time,rows with words that don't have a vowel at least once,至少一次没有元音的单词的行,lines of words without vowels at least once,correct
318,320,rows with words that don't have vowels at least once,rows with words that don't have a vowel at least once,行中至少有一次没有元音的单词,words without vowels at least once in the line,correct
319,321,"lines not composed of only the string <M0> , greater than or equal to 0 times","lines not containing only the string <M0> , greater than or equal to 0 times",不仅由字符串<M0>组成的行，还大于或等于0次,"not only a line composed of the string <M0> , but also greater than or equal to 0 times",bug
320,322,"strings not containing only the string <M0> , greater than or equal to 0 times","lines not containing only the string <M0> , greater than or equal to 0 times",不只包含字符串<M0>的字符串，大于或等于0次,"strings not only containing the string <M0> , greater than or equal to 0 times",correct
321,323,"rows with the string <M0> or ending with the string <M1> , six or more consecutive times","rows with the string <M0> or ending with the string <M1> , six or more times",连续六次或更多次以字符串<M0>或以字符串<M1>结尾的行,lines ending with the string <M0> or string <M1> six or more consecutive times,correct
322,324,"rows with the string <M0> or ending with the string <M1> , six or greater times","rows with the string <M0> or ending with the string <M1> , six or more times",字符串<M0>或字符串<M1>结尾的行，六次或更多次,"the line at the end of the string <M0> or string <M1> , six or more times",bug
323,325,"rows not having a digit , not a vowel , and not a capitalizedized letter","rows not having a digit , not a vowel , and not a capitalized letter",没有数字，元音和大写字母的行,"lines without numbers , vowels and capital letters",correct
324,326,"rows not having a digit , not a vowel , and not an upper caseized letter","rows not having a digit , not a vowel , and not a capitalized letter",没有数字，元音和大写字母的行,"lines without numbers , vowels and capital letters",correct
325,327,rows with a character then letters,rows with a character followed by letters,带有字符然后字母的行,lines with characters and then letters,correct
326,328,rows with characters followed by letters,rows with a character followed by letters,字符后跟字母的行,line of characters followed by letters,correct
